"Influenza Season","Influenza Mortality per 100000"
"1901.97913","30.82192"
"1902.29163","20.54795"
"1902.70837","11.41553"
"1903.33337","19.40639"
"1903.85413","20.54795"
"1904.47913","11.41553"
"1905.20837","14.84018"
"1906.14587","22.83105"
"1906.66663","17.12329"
"1907.29163","17.12329"
