"Influenza Mortality per 100000(Influenza Season), created by Plot Digitizer, 2.5.0 dev"
"Date: 10/5/17, 11:49:52 AM"


9
Influenza Season,Influenza Mortality per 100000
1921.16162,41.50886
1921.78320,55.37040
1922.64148,30.63930
1924.01770,51.58309
1924.73181,37.03984
1925.37549,44.08423
1926.03406,80.70747
1926.55566,56.99894
1926.95154,37.79730
